<?xml version="1.0" encoding="UTF-8"?>
<GenRun Id="synth_1" LaunchPart="xc7a35tcsg324-1" LaunchTime="1606881932">
  <File Type="PA-TCL" Name="topDesign.tcl"/>
  <File Type="RDS-PROPCONSTRS" Name="topDesign_drc_synth.rpt"/>
  <File Type="REPORTS-TCL" Name="topDesign_reports.tcl"/>
  <File Type="RDS-RDS" Name="topDesign.vds"/>
  <File Type="RDS-UTIL" Name="topDesign_utilization_synth.rpt"/>
  <File Type="RDS-UTIL-PB" Name="topDesign_utilization_synth.pb"/>
  <File Type="RDS-DCP" Name="topDesign.dcp"/>
  <File Type="VDS-TIMINGSUMMARY" Name="topDesign_timing_summary_synth.rpt"/>
  <File Type="VDS-TIMING-PB" Name="topDesign_timing_summary_synth.pb"/>
  <FileSet Name="sources" Type="DesignSrcs" RelSrcDir="$PSRCDIR/sources_1">
    <Filter Type="Srcs"/>
    <File Path="$PSRCDIR/sources_1/new/divider.v">
      <FileInfo>
        <Attr Name="ImportPath" Val="$PPRDIR/../project_6/project_6.srcs/sources_1/new/divider.v"/>
        <Attr Name="ImportTime" Val="1606274275"/>
        <Attr Name="UsedIn" Val="synthesis"/>
        <Attr Name="UsedIn" Val="implementation"/>
        <Attr Name="UsedIn" Val="simulation"/>
      </FileInfo>
    </File>
    <File Path="$PSRCDIR/sources_1/new/divider1Hz.v">
      <FileInfo>
        <Attr Name="ImportPath" Val="$PPRDIR/../project_6/project_6.srcs/sources_1/new/divider1Hz.v"/>
        <Attr Name="ImportTime" Val="1606274029"/>
        <Attr Name="UsedIn" Val="synthesis"/>
        <Attr Name="UsedIn" Val="implementation"/>
        <Attr Name="UsedIn" Val="simulation"/>
      </FileInfo>
    </File>
    <File Path="$PSRCDIR/sources_1/new/divider4Hz.v">
      <FileInfo>
        <Attr Name="ImportPath" Val="$PPRDIR/../project_6/project_6.srcs/sources_1/new/divider4Hz.v"/>
        <Attr Name="ImportTime" Val="1606275015"/>
        <Attr Name="UsedIn" Val="synthesis"/>
        <Attr Name="UsedIn" Val="implementation"/>
        <Attr Name="UsedIn" Val="simulation"/>
      </FileInfo>
    </File>
    <File Path="$PSRCDIR/sources_1/new/hexseg8.v">
      <FileInfo>
        <Attr Name="ImportPath" Val="$PPRDIR/../project_6/project_6.srcs/sources_1/new/hexseg8.v"/>
        <Attr Name="ImportTime" Val="1606654919"/>
        <Attr Name="UsedIn" Val="synthesis"/>
        <Attr Name="UsedIn" Val="implementation"/>
        <Attr Name="UsedIn" Val="simulation"/>
      </FileInfo>
    </File>
    <File Path="$PSRCDIR/sources_1/new/randNum.v">
      <FileInfo>
        <Attr Name="ImportPath" Val="$PPRDIR/../project_66wed/project_66.srcs/sources_1/new/randNum.v"/>
        <Attr Name="ImportTime" Val="1606724077"/>
        <Attr Name="UsedIn" Val="synthesis"/>
        <Attr Name="UsedIn" Val="implementation"/>
        <Attr Name="UsedIn" Val="simulation"/>
      </FileInfo>
    </File>
    <File Path="$PSRCDIR/sources_1/new/shinningO.v">
      <FileInfo>
        <Attr Name="ImportPath" Val="$PPRDIR/../project_66wed/project_66.srcs/sources_1/new/shinningO.v"/>
        <Attr Name="ImportTime" Val="1606738885"/>
        <Attr Name="UsedIn" Val="synthesis"/>
        <Attr Name="UsedIn" Val="implementation"/>
        <Attr Name="UsedIn" Val="simulation"/>
      </FileInfo>
    </File>
    <File Path="$PSRCDIR/sources_1/new/singledisplay.v">
      <FileInfo>
        <Attr Name="ImportPath" Val="$PPRDIR/../project_6/project_6.srcs/sources_1/new/singledisplay.v"/>
        <Attr Name="ImportTime" Val="1606275249"/>
        <Attr Name="UsedIn" Val="synthesis"/>
        <Attr Name="UsedIn" Val="implementation"/>
        <Attr Name="UsedIn" Val="simulation"/>
      </FileInfo>
    </File>
    <File Path="$PSRCDIR/sources_1/new/state0_init.v">
      <FileInfo>
        <Attr Name="ImportPath" Val="$PPRDIR/../project_6/project_6.srcs/sources_1/new/state0_init.v"/>
        <Attr Name="ImportTime" Val="1606669118"/>
        <Attr Name="UsedIn" Val="synthesis"/>
        <Attr Name="UsedIn" Val="implementation"/>
        <Attr Name="UsedIn" Val="simulation"/>
      </FileInfo>
    </File>
    <File Path="$PSRCDIR/sources_1/new/topDesign.v">
      <FileInfo>
        <Attr Name="ImportPath" Val="$PPRDIR/../project_6/project_6.srcs/sources_1/new/topDesign.v"/>
        <Attr Name="ImportTime" Val="1606669605"/>
        <Attr Name="UsedIn" Val="synthesis"/>
        <Attr Name="UsedIn" Val="implementation"/>
        <Attr Name="UsedIn" Val="simulation"/>
      </FileInfo>
    </File>
    <File Path="$PSRCDIR/sources_1/new/num8.v">
      <FileInfo>
        <Attr Name="AutoDisabled" Val="1"/>
        <Attr Name="ImportPath" Val="$PPRDIR/../project_66wed/project_66.srcs/sources_1/new/num8.v"/>
        <Attr Name="ImportTime" Val="1606706398"/>
        <Attr Name="UsedIn" Val="synthesis"/>
        <Attr Name="UsedIn" Val="implementation"/>
        <Attr Name="UsedIn" Val="simulation"/>
      </FileInfo>
    </File>
    <File Path="$PSRCDIR/sources_1/new/state2_rand.v">
      <FileInfo>
        <Attr Name="AutoDisabled" Val="1"/>
        <Attr Name="ImportPath" Val="$PPRDIR/../project_6/project_6.srcs/sources_1/new/state2_rand.v"/>
        <Attr Name="ImportTime" Val="1606656825"/>
        <Attr Name="UsedIn" Val="synthesis"/>
        <Attr Name="UsedIn" Val="implementation"/>
        <Attr Name="UsedIn" Val="simulation"/>
      </FileInfo>
    </File>
    <Config>
      <Option Name="DesignMode" Val="RTL"/>
      <Option Name="TopModule" Val="topDesign"/>
    </Config>
  </FileSet>
  <FileSet Name="constrs_in" Type="Constrs" RelSrcDir="$PSRCDIR/constrs_1">
    <Filter Type="Constrs"/>
    <File Path="$PSRCDIR/constrs_1/new/topDesign.xdc">
      <FileInfo>
        <Attr Name="ImportPath" Val="$PPRDIR/../project_6/project_6.srcs/constrs_1/new/topDesign.xdc"/>
        <Attr Name="ImportTime" Val="1606667199"/>
        <Attr Name="UsedIn" Val="synthesis"/>
        <Attr Name="UsedIn" Val="implementation"/>
      </FileInfo>
    </File>
    <Config>
      <Option Name="ConstrsType" Val="XDC"/>
    </Config>
  </FileSet>
  <FileSet Name="utils" Type="Utils" RelSrcDir="$PSRCDIR/utils_1">
    <Filter Type="Utils"/>
    <Config>
      <Option Name="TopAutoSet" Val="TRUE"/>
    </Config>
  </FileSet>
  <Strategy Version="1" Minor="2">
    <StratHandle Name="Vivado Synthesis Defaults" Flow="Vivado Synthesis 2018"/>
    <Step Id="synth_design"/>
  </Strategy>
</GenRun>
