<?xml version="1.0" encoding="UTF-8"?>
<GenRun Id="impl_1" LaunchPart="xc7a35tcsg324-1" LaunchTime="1606708351">
  <File Type="BITSTR-BMM" Name="topDesign_bd.bmm"/>
  <File Type="OPT-METHODOLOGY-DRC" Name="topDesign_methodology_drc_opted.rpt"/>
  <File Type="INIT-TIMING" Name="topDesign_timing_summary_init.rpt"/>
  <File Type="ROUTE-PWR" Name="topDesign_power_routed.rpt"/>
  <File Type="PA-TCL" Name="topDesign.tcl"/>
  <File Type="OPT-TIMING" Name="topDesign_timing_summary_opted.rpt"/>
  <File Type="OPT-DCP" Name="topDesign_opt.dcp"/>
  <File Type="ROUTE-PWR-SUM" Name="topDesign_power_summary_routed.pb"/>
  <File Type="REPORTS-TCL" Name="topDesign_reports.tcl"/>
  <File Type="OPT-DRC" Name="topDesign_drc_opted.rpt"/>
  <File Type="OPT-HWDEF" Name="topDesign.hwdef"/>
  <File Type="PWROPT-DCP" Name="topDesign_pwropt.dcp"/>
  <File Type="PWROPT-DRC" Name="topDesign_drc_pwropted.rpt"/>
  <File Type="PWROPT-TIMING" Name="topDesign_timing_summary_pwropted.rpt"/>
  <File Type="PLACE-DCP" Name="topDesign_placed.dcp"/>
  <File Type="PLACE-IO" Name="topDesign_io_placed.rpt"/>
  <File Type="PLACE-CLK" Name="topDesign_clock_utilization_placed.rpt"/>
  <File Type="PLACE-UTIL" Name="topDesign_utilization_placed.rpt"/>
  <File Type="PLACE-UTIL-PB" Name="topDesign_utilization_placed.pb"/>
  <File Type="PLACE-CTRL" Name="topDesign_control_sets_placed.rpt"/>
  <File Type="PLACE-SIMILARITY" Name="topDesign_incremental_reuse_placed.rpt"/>
  <File Type="PLACE-PRE-SIMILARITY" Name="topDesign_incremental_reuse_pre_placed.rpt"/>
  <File Type="BG-BGN" Name="topDesign.bgn"/>
  <File Type="PLACE-TIMING" Name="topDesign_timing_summary_placed.rpt"/>
  <File Type="POSTPLACE-PWROPT-DCP" Name="topDesign_postplace_pwropt.dcp"/>
  <File Type="BG-BIN" Name="topDesign.bin"/>
  <File Type="POSTPLACE-PWROPT-TIMING" Name="topDesign_timing_summary_postplace_pwropted.rpt"/>
  <File Type="PHYSOPT-DCP" Name="topDesign_physopt.dcp"/>
  <File Type="PHYSOPT-DRC" Name="topDesign_drc_physopted.rpt"/>
  <File Type="BITSTR-MSK" Name="topDesign.msk"/>
  <File Type="PHYSOPT-TIMING" Name="topDesign_timing_summary_physopted.rpt"/>
  <File Type="ROUTE-ERROR-DCP" Name="topDesign_routed_error.dcp"/>
  <File Type="ROUTE-DCP" Name="topDesign_routed.dcp"/>
  <File Type="ROUTE-BLACKBOX-DCP" Name="topDesign_routed_bb.dcp"/>
  <File Type="ROUTE-DRC" Name="topDesign_drc_routed.rpt"/>
  <File Type="ROUTE-DRC-PB" Name="topDesign_drc_routed.pb"/>
  <File Type="BITSTR-LTX" Name="debug_nets.ltx"/>
  <File Type="BITSTR-LTX" Name="topDesign.ltx"/>
  <File Type="ROUTE-DRC-RPX" Name="topDesign_drc_routed.rpx"/>
  <File Type="BITSTR-MMI" Name="topDesign.mmi"/>
  <File Type="ROUTE-METHODOLOGY-DRC" Name="topDesign_methodology_drc_routed.rpt"/>
  <File Type="ROUTE-METHODOLOGY-DRC-RPX" Name="topDesign_methodology_drc_routed.rpx"/>
  <File Type="BITSTR-SYSDEF" Name="topDesign.sysdef"/>
  <File Type="ROUTE-METHODOLOGY-DRC-PB" Name="topDesign_methodology_drc_routed.pb"/>
  <File Type="ROUTE-PWR-RPX" Name="topDesign_power_routed.rpx"/>
  <File Type="ROUTE-STATUS" Name="topDesign_route_status.rpt"/>
  <File Type="ROUTE-STATUS-PB" Name="topDesign_route_status.pb"/>
  <File Type="ROUTE-TIMINGSUMMARY" Name="topDesign_timing_summary_routed.rpt"/>
  <File Type="ROUTE-TIMING-PB" Name="topDesign_timing_summary_routed.pb"/>
  <File Type="ROUTE-TIMING-RPX" Name="topDesign_timing_summary_routed.rpx"/>
  <File Type="ROUTE-SIMILARITY" Name="topDesign_incremental_reuse_routed.rpt"/>
  <File Type="ROUTE-CLK" Name="topDesign_clock_utilization_routed.rpt"/>
  <File Type="ROUTE-BUS-SKEW" Name="topDesign_bus_skew_routed.rpt"/>
  <File Type="ROUTE-BUS-SKEW-PB" Name="topDesign_bus_skew_routed.pb"/>
  <File Type="ROUTE-BUS-SKEW-RPX" Name="topDesign_bus_skew_routed.rpx"/>
  <File Type="POSTROUTE-PHYSOPT-DCP" Name="topDesign_postroute_physopt.dcp"/>
  <File Type="POSTROUTE-PHYSOPT-BLACKBOX-DCP" Name="topDesign_postroute_physopt_bb.dcp"/>
  <File Type="POSTROUTE-PHYSOPT-TIMING" Name="topDesign_timing_summary_postroute_physopted.rpt"/>
  <File Type="POSTROUTE-PHYSOPT-TIMING-PB" Name="topDesign_timing_summary_postroute_physopted.pb"/>
  <File Type="POSTROUTE-PHYSOPT-TIMING-RPX" Name="topDesign_timing_summary_postroute_physopted.rpx"/>
  <File Type="POSTROUTE-PHYSOPT-BUS-SKEW" Name="topDesign_bus_skew_postroute_physopted.rpt"/>
  <File Type="POSTROUTE-PHYSOPT-BUS-SKEW-PB" Name="topDesign_bus_skew_postroute_physopted.pb"/>
  <File Type="BG-BIT" Name="topDesign.bit"/>
  <File Type="POSTROUTE-PHYSOPT-BUS-SKEW-RPX" Name="topDesign_bus_skew_postroute_physopted.rpx"/>
  <File Type="BITSTR-RBT" Name="topDesign.rbt"/>
  <File Type="BITSTR-NKY" Name="topDesign.nky"/>
  <File Type="BG-DRC" Name="topDesign.drc"/>
  <File Type="RDI-RDI" Name="topDesign.vdi"/>
  <File Type="WBT-USG" Name="usage_statistics_webtalk.html"/>
  <FileSet Name="sources" Type="DesignSrcs" RelSrcDir="$PSRCDIR/sources_1">
    <Filter Type="Srcs"/>
    <File Path="$PSRCDIR/sources_1/new/divider.v">
      <FileInfo>
        <Attr Name="ImportPath" Val="$PPRDIR/../project_6/project_6.srcs/sources_1/new/divider.v"/>
        <Attr Name="ImportTime" Val="1606274275"/>
        <Attr Name="UsedIn" Val="synthesis"/>
        <Attr Name="UsedIn" Val="implementation"/>
        <Attr Name="UsedIn" Val="simulation"/>
      </FileInfo>
    </File>
    <File Path="$PSRCDIR/sources_1/new/divider1Hz.v">
      <FileInfo>
        <Attr Name="ImportPath" Val="$PPRDIR/../project_6/project_6.srcs/sources_1/new/divider1Hz.v"/>
        <Attr Name="ImportTime" Val="1606274029"/>
        <Attr Name="UsedIn" Val="synthesis"/>
        <Attr Name="UsedIn" Val="implementation"/>
        <Attr Name="UsedIn" Val="simulation"/>
      </FileInfo>
    </File>
    <File Path="$PSRCDIR/sources_1/new/hexseg8.v">
      <FileInfo>
        <Attr Name="ImportPath" Val="$PPRDIR/../project_6/project_6.srcs/sources_1/new/hexseg8.v"/>
        <Attr Name="ImportTime" Val="1606654919"/>
        <Attr Name="UsedIn" Val="synthesis"/>
        <Attr Name="UsedIn" Val="implementation"/>
        <Attr Name="UsedIn" Val="simulation"/>
      </FileInfo>
    </File>
    <File Path="$PSRCDIR/sources_1/new/randNum.v">
      <FileInfo>
        <Attr Name="UsedIn" Val="synthesis"/>
        <Attr Name="UsedIn" Val="implementation"/>
        <Attr Name="UsedIn" Val="simulation"/>
      </FileInfo>
    </File>
    <File Path="$PSRCDIR/sources_1/new/singledisplay.v">
      <FileInfo>
        <Attr Name="ImportPath" Val="$PPRDIR/../project_6/project_6.srcs/sources_1/new/singledisplay.v"/>
        <Attr Name="ImportTime" Val="1606275249"/>
        <Attr Name="UsedIn" Val="synthesis"/>
        <Attr Name="UsedIn" Val="implementation"/>
        <Attr Name="UsedIn" Val="simulation"/>
      </FileInfo>
    </File>
    <File Path="$PSRCDIR/sources_1/new/state0_init.v">
      <FileInfo>
        <Attr Name="ImportPath" Val="$PPRDIR/../project_6/project_6.srcs/sources_1/new/state0_init.v"/>
        <Attr Name="ImportTime" Val="1606669118"/>
        <Attr Name="UsedIn" Val="synthesis"/>
        <Attr Name="UsedIn" Val="implementation"/>
        <Attr Name="UsedIn" Val="simulation"/>
      </FileInfo>
    </File>
    <File Path="$PSRCDIR/sources_1/new/topDesign.v">
      <FileInfo>
        <Attr Name="ImportPath" Val="$PPRDIR/../project_6/project_6.srcs/sources_1/new/topDesign.v"/>
        <Attr Name="ImportTime" Val="1606669605"/>
        <Attr Name="UsedIn" Val="synthesis"/>
        <Attr Name="UsedIn" Val="implementation"/>
        <Attr Name="UsedIn" Val="simulation"/>
      </FileInfo>
    </File>
    <File Path="$PSRCDIR/sources_1/new/divider4Hz.v">
      <FileInfo>
        <Attr Name="AutoDisabled" Val="1"/>
        <Attr Name="ImportPath" Val="$PPRDIR/../project_6/project_6.srcs/sources_1/new/divider4Hz.v"/>
        <Attr Name="ImportTime" Val="1606275015"/>
        <Attr Name="UsedIn" Val="synthesis"/>
        <Attr Name="UsedIn" Val="implementation"/>
        <Attr Name="UsedIn" Val="simulation"/>
      </FileInfo>
    </File>
    <File Path="$PSRCDIR/sources_1/new/state2_rand.v">
      <FileInfo>
        <Attr Name="AutoDisabled" Val="1"/>
        <Attr Name="ImportPath" Val="$PPRDIR/../project_6/project_6.srcs/sources_1/new/state2_rand.v"/>
        <Attr Name="ImportTime" Val="1606656825"/>
        <Attr Name="UsedIn" Val="synthesis"/>
        <Attr Name="UsedIn" Val="implementation"/>
        <Attr Name="UsedIn" Val="simulation"/>
      </FileInfo>
    </File>
    <File Path="$PSRCDIR/sources_1/new/num8.v">
      <FileInfo>
        <Attr Name="AutoDisabled" Val="1"/>
        <Attr Name="UsedIn" Val="synthesis"/>
        <Attr Name="UsedIn" Val="implementation"/>
        <Attr Name="UsedIn" Val="simulation"/>
      </FileInfo>
    </File>
    <Config>
      <Option Name="DesignMode" Val="RTL"/>
      <Option Name="TopModule" Val="topDesign"/>
      <Option Name="TopAutoSet" Val="TRUE"/>
    </Config>
  </FileSet>
  <FileSet Name="constrs_in" Type="Constrs" RelSrcDir="$PSRCDIR/constrs_1">
    <Filter Type="Constrs"/>
    <File Path="$PSRCDIR/constrs_1/new/topDesign.xdc">
      <FileInfo>
        <Attr Name="ImportPath" Val="$PPRDIR/../project_6/project_6.srcs/constrs_1/new/topDesign.xdc"/>
        <Attr Name="ImportTime" Val="1606667199"/>
        <Attr Name="UsedIn" Val="synthesis"/>
        <Attr Name="UsedIn" Val="implementation"/>
      </FileInfo>
    </File>
    <Config>
      <Option Name="ConstrsType" Val="XDC"/>
    </Config>
  </FileSet>
  <FileSet Name="utils" Type="Utils" RelSrcDir="$PSRCDIR/utils_1">
    <Filter Type="Utils"/>
    <Config>
      <Option Name="TopAutoSet" Val="TRUE"/>
    </Config>
  </FileSet>
  <Strategy Version="1" Minor="2">
    <StratHandle Name="Vivado Implementation Defaults" Flow="Vivado Implementation 2018"/>
    <Step Id="init_design"/>
    <Step Id="opt_design"/>
    <Step Id="power_opt_design"/>
    <Step Id="place_design"/>
    <Step Id="post_place_power_opt_design"/>
    <Step Id="phys_opt_design"/>
    <Step Id="route_design"/>
    <Step Id="post_route_phys_opt_design"/>
    <Step Id="write_bitstream"/>
  </Strategy>
</GenRun>
